dasd,ad,a,ad,dad,ada,dad,da,dad,da,adxa,ada,ad,ad,add,ad,ad
dfaffa,3420,5144,855,1286,12,7.978227061,16,10.63763608,24,31.93,32,21.27527216,40,26.5940902,34.2,51.44
